node,degree_centrality,betweenness_centrality,eigenvector_centrality,pagerank,core_number,closeness_centrality
E21B49/00,0.05111402359108781,0.07778360212228723,4.012248052342695e-05,0.008404920068373553,8,0.23350521739753205
G01N33/24,0.06290956749672347,0.1068481238788946,3.6831805510075335e-05,0.010982115072676744,8,0.22502082561215567
B01D45/16,0.019659239842726082,0.010560816923386366,0.00018898212955892725,0.0020149293844548867,12,0.1777514758059416
C10L3/10,0.01834862385321101,0.0570369379441965,1.399878550709996e-05,0.0016548575330742638,5,0.17244332035410959
B01D45/14,0.019659239842726082,0.010560816923386366,0.00018898212955892725,0.0020149293844548867,12,0.1777514758059416
B04C5/103,0.005242463958060288,0.0,1.3382409184534681e-05,0.0006650927267072346,4,0.1488900863545239
B04C9/00,0.005242463958060288,0.0,1.3382409184534681e-05,0.0006650927267072346,4,0.1488900863545239
E21B43/30,0.00655307994757536,0.002078051709060163,4.4639244802726654e-06,0.00112198638089555,4,0.1877480438653267
E21B43/16,0.01834862385321101,0.031584456816664566,2.6509723771013632e-05,0.002656468095245054,6,0.21702110098399371
E21B41/00,0.02621231979030144,0.011029223249423382,3.228844213422883e-05,0.002920451286233357,7,0.2047506218675053
C02F1/00,0.007863695937090433,3.783930678389972e-05,1.286092714009798e-233,0.0015579562941690542,5,0.010484927916120575
G05B19/042,0.001310615989515072,0.0,2.2292199817697079e-234,0.00042064125025797176,1,0.006507886292764495
E21B47/06,0.023591087811271297,0.013240852637792101,2.7023971809294568e-05,0.0020056069780978337,6,0.1985662397014329
G06F17/18,0.009174311926605505,0.0018365852892998059,4.878768309183124e-06,0.0012060219127400947,4,0.1938813737919617
E21B43/267,0.035386631716906945,0.05393540743503196,3.739318454132433e-05,0.0048471713533288704,8,0.22705342605604867
E21B43/26,0.1363040629095675,0.2291237977802097,0.0005911289002711717,0.02009102128999768,16,0.23363288564105172
E21B43/14,0.002621231979030144,0.0,2.070089477534979e-05,0.00038333979218646466,2,0.1792426794620317
E21B43/27,0.007863695937090433,0.0029544237537447097,2.583171505308241e-06,0.0014149996775123512,4,0.19179288502580055
E21B49/08,0.027522935779816515,0.04465614407093409,3.4376582996405774e-05,0.003857451568123544,6,0.22094857695836795
B01D19/00,0.019659239842726082,0.06890963749184523,0.00019034185848223562,0.0020940580974402765,12,0.20484877652803626
E21B43/34,0.023591087811271297,0.0431685086232594,1.1258368572024175e-05,0.0030995822267363437,6,0.20042896240032065
-,0.0,0.0,0.0,0.00019989339019189768,0,0.0
G01V99/00,0.015727391874180867,0.013390190128115943,2.800991045933079e-05,0.00254498783599009,6,0.2074342465230503
G01V1/50,0.00655307994757536,0.0012512221786565622,3.267574077502993e-06,0.0011877408717176356,3,0.1792426794620317
G01N7/16,0.007863695937090433,9.792353937409192e-05,2.2823578022668065e-06,0.0016856047134401436,4,0.1759944595706275
E21B49/02,0.009174311926605505,0.0007480990347524251,2.3592395444454113e-05,0.0018843312823211454,4,0.19379344573128507
E21B45/00,0.003931847968545217,0.0,2.0962201953717835e-06,0.0007166926594674712,3,0.17321222044486567
E21B43/247,0.015727391874180867,0.012132265126226725,2.4557070809569443e-05,0.001709747711992531,6,0.20290339403489246
G06F30/23,0.00655307994757536,0.0039146482836434435,1.913977827442946e-06,0.0013080008963709724,3,0.1605841968573783
E21B7/04,0.022280471821756225,0.015026958737392269,6.677106703467852e-06,0.00254238147542614,5,0.19646645877585456
C09K8/48,0.001310615989515072,0.0,1.6914169491837832e-07,0.00038853574302927295,1,0.14353864556180168
C09K8/20,0.014416775884665793,0.006445959997640342,5.105742219998763e-06,0.002106629138370851,6,0.17752993262878422
G01N7/04,0.001310615989515072,0.0,1.230000328326088e-06,0.000282565223247793,1,0.17307191082927648
C09K8/38,0.001310615989515072,0.0,0.0,0.0013326226012793177,1,0.001310615989515072
B01F3/04,0.001310615989515072,0.0,0.0,0.0013326226012793177,1,0.001310615989515072
C09K8/12,0.023591087811271297,0.018234782544527994,7.6656629478431e-05,0.0029134925457712972,8,0.16112916585123818
C09K8/035,0.03407601572739188,0.02465479875203092,7.735524440673031e-05,0.005300229814312835,8,0.16155559464555144
C09K8/08,0.011795543905635648,0.0017142510634149866,5.983844006046962e-06,0.0011472400440899135,6,0.15158373460002966
C09K8/28,0.009174311926605505,2.3710994186015083e-05,3.7296523934573813e-06,0.0008806426497430362,6,0.15136895070403245
G01N15/08,0.035386631716906945,0.012817433094172223,2.700194932790677e-05,0.0062347638307575365,6,0.205835524006495
G01V1/28,0.011795543905635648,0.005689569946139841,2.2778019884383312e-05,0.002646606153691121,3,0.1823014282583121
G06F17/50,0.003931847968545217,2.063440985639929e-05,1.8100231405989596e-06,0.0004541070593240825,3,0.16297274898454753
C08F222/38,0.011795543905635648,0.0029472822992462756,7.513694597077653e-05,0.001336780648508884,8,0.16040335879785422
C09K8/24,0.023591087811271297,0.02403649405141466,1.298646151228424e-05,0.0035242483818285516,6,0.1785685532124879
G01N23/2251,0.01310615989515072,0.0020194150043171205,2.6181211266249135e-06,0.0013800252726717227,8,0.1748422863492159
B01D53/78,0.02621231979030144,0.022273730066477357,5.268076011015334e-07,0.0033706994165029263,12,0.14253320474899386
B01D53/50,0.02621231979030144,0.022273730066477357,5.268076011015334e-07,0.003483544783834918,12,0.14253320474899386
G06F30/27,0.001310615989515072,0.0,1.661229559629695e-08,0.00032025506800778184,1,0.130917447254131
E21B43/12,0.010484927916120577,0.0019621400535942183,5.003515487442188e-07,0.0016974766243964122,6,0.15861712985801174
E21B43/263,0.007863695937090433,0.006585605769601127,2.1988190135082964e-05,0.0011992926696913907,3,0.19423388538067435
C09K8/68,0.023591087811271297,0.01492461368695435,2.4192898780602956e-05,0.003907948452296708,6,0.19144917017808405
C08F265/10,0.002621231979030144,0.0,2.0606126847984782e-05,0.0003265388833286997,2,0.17961939799810153
C07C,0.001310615989515072,0.0,0.0,0.0013326226012793177,1,0.001310615989515072
C10G,0.001310615989515072,0.0,0.0,0.0013326226012793177,1,0.001310615989515072
E21B49/06,0.00655307994757536,0.005079381226649189,3.99975774756372e-06,0.0009265647060484706,4,0.20309626798359484
E21D21/00,0.001310615989515072,0.0,1.3427299850860434e-06,0.0003570118026080633,1,0.17804772826561815
B01D53/52,0.019659239842726082,1.842711696067183e-05,5.8994408128474916e-08,0.001979144161718747,12,0.12047210257611604
B01D53/14,0.014416775884665793,0.006664333242748327,4.09148428771109e-08,0.0009518573965849963,7,0.12037029516548833
B01D53/40,0.011795543905635648,1.5565714836104204e-05,4.669031531779117e-08,0.0004912776640014006,8,0.12026865967843614
G06N5/022,0.001310615989515072,0.0,0.0,0.0013326226012793177,1,0.001310615989515072
G06N3/08,0.001310615989515072,0.0,0.0,0.0013326226012793177,1,0.001310615989515072
C10G70/06,0.010484927916120577,0.0009786620709108609,3.8641903841823655e-09,0.001273280819463922,7,0.10414685543199698
C10G70/04,0.010484927916120577,0.0009786620709108609,3.8641903841823655e-09,0.001273280819463922,7,0.10414685543199698
C10G5/04,0.009174311926605505,0.0,3.856032107674606e-09,0.0008218872341097153,7,0.10412147851790537
C10G5/06,0.009174311926605505,0.0,3.856032107674606e-09,0.0008218872341097153,7,0.10412147851790537
F25J3/06,0.009174311926605505,0.0,3.856032107674606e-09,0.0008218872341097153,7,0.10412147851790537
B01D53/00,0.009174311926605505,0.0,3.856032107674606e-09,0.0008218872341097153,7,0.10412147851790537
B01D53/18,0.02490170380078637,0.006900427584166657,5.655915021985397e-08,0.001147361154643244,12,0.120642164832717
C09K8/16,0.01310615989515072,0.004485195918838268,5.100318419981671e-06,0.001984628586949119,6,0.17745620757370584
G06F17/00,0.001310615989515072,0.0,1.4932510856984426e-07,0.0003059120578513755,1,0.15014565981640324
E21B43/02,0.005242463958060288,0.0,2.2694594034434303e-05,0.0006971464346691508,4,0.19309288198711413
G01V1/30,0.002621231979030144,0.0,7.892199434561637e-07,0.0007837769549838994,2,0.14669225809731673
B01D53/48,0.005242463958060288,0.0006249218847643976,4.994433654646593e-07,0.0005016254729502765,4,0.1414480462884752
F04B39/00,0.00655307994757536,0.005861652614524102,2.259920964287396e-05,0.0011589460125671176,4,0.1787926978399513
F04B39/12,0.002621231979030144,0.0039146482836434435,7.576636089614102e-07,0.0006367065083316775,1,0.14455837206951408
F04B53/16,0.001310615989515072,0.0,8.506579136981e-10,0.0009087445150377331,1,0.10437580552942932
F04B1/00,0.002621231979030144,0.0019607640788020762,2.5401493621300737e-08,0.0012327347869492391,1,0.12125838474389432
E21B47/107,0.001310615989515072,0.0,0.0,0.0013326226012793177,1,0.001310615989515072
E21B47/14,0.001310615989515072,0.0,0.0,0.0013326226012793177,1,0.001310615989515072
E21B,0.001310615989515072,0.0,0.0,0.0013326226012793177,1,0.001310615989515072
C25B1/02,0.00655307994757536,0.0,3.483605023301726e-05,0.0011062504894844456,5,0.11976304591857724
B01J19/08,0.00655307994757536,0.0,3.483605023301726e-05,0.0011062504894844456,5,0.11976304591857724
B01J19/18,0.01834862385321101,0.01739920124663316,3.529145581560414e-05,0.002184641222790453,9,0.12006590273601674
B01D5/00,0.015727391874180867,0.026824628572804547,0.0009153823729651929,0.00201342097317472,7,0.14191781728245886
F25J3/02,0.002621231979030144,0.0,2.5520996651706893e-10,0.0005941252522808041,2,0.09146287410905042
C08F2/00,0.011795543905635648,0.0,1.583290529566545e-06,0.0012525938545702422,9,0.1036919553112069
C01B32/942,0.011795543905635648,0.0,1.583290529566545e-06,0.001370960372793073,9,0.1036919553112069
C10J3/00,0.011795543905635648,0.0,1.583290529566545e-06,0.0012525938545702422,9,0.1036919553112069
C08F14/06,0.011795543905635648,0.0,1.583290529566545e-06,0.0012525938545702422,9,0.1036919553112069
C07C17/25,0.011795543905635648,0.0,1.583290529566545e-06,0.0012525938545702422,9,0.1036919553112069
C07C17/08,0.011795543905635648,0.0,1.583290529566545e-06,0.0012525938545702422,9,0.1036919553112069
C08F114/06,0.011795543905635648,0.0,1.583290529566545e-06,0.0012525938545702422,9,0.1036919553112069
C08F259/04,0.011795543905635648,0.0,1.583290529566545e-06,0.001370960372793073,9,0.1036919553112069
C10H15/00,0.011795543905635648,0.0,1.583290529566545e-06,0.0012525938545702422,9,0.1036919553112069
C07C5/333,0.027522935779816515,0.0015363197000726496,0.062464998334945156,0.0022852417831604028,10,0.13621757980155677
C07C5/32,0.01703800786369594,0.001577378055304104,0.041075220228482034,0.0009647881042730795,9,0.13656585101869084
C07C5/327,0.003931847968545217,0.0,0.0035422166171136865,0.00033510398034843547,3,0.11859965246668988
C07C11/02,0.00655307994757536,0.0005953280559329657,0.0037533216670844944,0.0007040449883398687,4,0.12582878322658528
C09K8/04,0.0,0.0,0.0,0.00019989339019189768,0,0.0
E21B21/06,0.019659239842726082,0.11490324039048515,3.3579533142759214e-05,0.002610077340542432,5,0.21669094717925133
G01V5/08,0.005242463958060288,0.0,2.809507149631247e-06,0.0008904043330599093,4,0.19274449609268543
C10G55/04,0.011795543905635648,0.004106387366865548,0.003555043061791193,0.0014840744301244625,6,0.16353407877439097
C10G31/06,0.023591087811271297,0.07938133283699685,0.0036150057515565194,0.0023258266617163996,12,0.18857658774822755
C10G25/11,0.007863695937090433,0.0,0.0035428590702933616,0.000982113010114804,6,0.16167784632519244
C10G9/00,0.007863695937090433,0.0,0.0035428590702933616,0.000982113010114804,6,0.16167784632519244
C10G53/08,0.007863695937090433,0.0,0.0035428590702933616,0.000982113010114804,6,0.16167784632519244
C07C7/11,0.007863695937090433,0.0,0.0035428590702933616,0.0006510769213249998,6,0.16167784632519244
C07C2/84,0.039318479685452164,0.08081325289923615,0.08951437213024727,0.0019759128517095985,15,0.17520071662053446
C08G18/38,0.019659239842726082,0.0,6.491027635759626e-07,0.001403414521829584,15,0.13578473080314063
C08G18/12,0.02621231979030144,0.0045827898894431444,2.5483046920014576e-06,0.0021567041744618974,15,0.1649226352132318
C08G77/14,0.019659239842726082,0.0,6.491027635759626e-07,0.001403414521829584,15,0.13578473080314063
C08G18/28,0.02621231979030144,0.0045827898894431444,2.5483046920014576e-06,0.0018552786044726854,15,0.1649226352132318
C08G18/36,0.020969855832241154,7.938316108510431e-07,6.687211971170223e-07,0.001503707900388779,15,0.13582789187459746
C08G18/40,0.02621231979030144,0.0045827898894431444,2.5483046920014576e-06,0.0018552786044726854,15,0.1649226352132318
C08G18/42,0.02621231979030144,0.0045827898894431444,2.5483046920014576e-06,0.0018552786044726854,15,0.1649226352132318
C08G18/48,0.02621231979030144,0.0045827898894431444,2.5483046920014576e-06,0.0018552786044726854,15,0.1649226352132318
C08G18/58,0.020969855832241154,7.938316108510431e-07,6.687211971170223e-07,0.001503707900388779,15,0.13582789187459746
C08G18/66,0.020969855832241154,7.938316108510431e-07,6.687211971170223e-07,0.001503707900388779,15,0.13582789187459746
C08G18/76,0.020969855832241154,7.938316108510431e-07,6.687211971170223e-07,0.001503707900388779,15,0.13582789187459746
C08G18/83,0.020969855832241154,7.938316108510431e-07,6.687211971170223e-07,0.0015412281389572135,15,0.13582789187459746
C08G77/26,0.020969855832241154,7.938316108510431e-07,6.687211971170223e-07,0.001503707900388779,15,0.13582789187459746
C08G101/00,0.020969855832241154,7.938316108510431e-07,6.687211971170223e-07,0.001503707900388779,15,0.13582789187459746
C08L83/08,0.020969855832241154,7.938316108510431e-07,6.687211971170223e-07,0.001503707900388779,15,0.13582789187459746
C09J175/04,0.019659239842726082,0.0,6.491027635759625e-07,0.0011015345023833456,15,0.13578473080314063
G01N25/00,0.001310615989515072,0.0,7.473697926228766e-07,0.0003195689021856281,1,0.152231759115598
G01N,0.0,0.0,0.0,0.00019989339019189768,0,0.0
G06Q50/02,0.007863695937090433,0.008089249973234661,2.016899174815709e-06,0.001501309907291452,3,0.1753445005488238
G06K9/62,0.002621231979030144,0.0,1.297424263357765e-06,0.0004956260780201523,2,0.17363451760970483
G01N3/10,0.007863695937090433,0.0007229683840348331,2.2704904119969414e-05,0.0014017146021698126,4,0.19309288198711413
G01N29/06,0.005242463958060288,0.0,2.2576145211619454e-05,0.0007600278792364544,4,0.1929185317550716
G06F30/20,0.007863695937090433,1.4103741619453533e-05,2.5014272486553386e-05,0.0008364192200335632,6,0.19414563736369086
E21B47/00,0.007863695937090433,0.00019373877429275876,2.4462759323075727e-05,0.0008099572979098539,6,0.19512079809930757
H04N5/225,0.002621231979030144,0.0,1.990222695245432e-06,0.0005486403116709118,2,0.17314203721129806
G01V3/30,0.010484927916120577,0.004699553975063042,1.733678760078064e-06,0.002056381832372025,4,0.1798461901672911
G01V9/00,0.001310615989515072,0.0,1.1479125590160923e-06,0.0003928918186224198,1,0.17065277469548068
G06F111/10,0.01834862385321101,0.0057807131652495534,3.097936462940146e-05,0.0014339917264839077,8,0.2033862674143187
C02F11/127,0.001310615989515072,0.0,1.1104230430643182e-06,0.00032327912220950786,1,0.16810171040026894
E21B43/25,0.005242463958060288,0.0,2.2694594034434303e-05,0.0005657905146415346,4,0.19309288198711413
G01N3/04,0.007863695937090433,0.0,3.1426548056374735e-06,0.0011057887443703361,6,0.17244332035410959
G01N3/18,0.007863695937090433,0.0,3.1426548056374735e-06,0.0011057887443703361,6,0.17244332035410959
G01N3/12,0.010484927916120577,0.00020990159333122012,3.9839954681986025e-06,0.001570179154132205,6,0.17265234256059941
F17C13/00,0.007863695937090433,0.0,3.1426548056374735e-06,0.0008081521787664136,6,0.17244332035410959
E21B43/24,0.010484927916120577,0.002770437704227375,2.2321403511100098e-05,0.0011258350581733177,6,0.19102125517992116
G06F30/28,0.014416775884665793,0.0016238060981317685,2.9325122542430184e-05,0.0014723667515310753,8,0.20271088607091253
C09K8/516,0.011795543905635648,2.4427883000337486e-05,2.835546620024404e-05,0.0011180096042226946,8,0.19893600923532756
E21B33/13,0.03014416775884666,0.09554103548236045,3.0948047391418666e-05,0.002036464106518721,8,0.20824295703581075
C09K8/62,0.010484927916120577,0.0,2.730932072743396e-05,0.0007669176538019694,8,0.1984740120006891
E21B33/134,0.010484927916120577,0.0,2.730932072743396e-05,0.0007669176538019694,8,0.1984740120006891
C08F220/58,0.01310615989515072,0.0032171678787519826,7.531870233537706e-05,0.0013890516486831748,8,0.16046359287926534
C09K8/508,0.00655307994757536,2.2932913202363463e-06,5.686420431471313e-06,0.0009046526255343798,4,0.15136895070403245
G06V10/764,0.01834862385321101,0.011661386363401822,1.7543143395996526e-06,0.0020706047052455262,8,0.17462793127808893
G06V10/762,0.010484927916120577,0.0,1.7406709527923205e-06,0.000960921229178337,8,0.17420079406338507
G06T17/00,0.010484927916120577,0.0,1.7406709527923205e-06,0.000960921229178337,8,0.17420079406338507
G06T7/136,0.015727391874180867,0.00034379489186336975,2.8438053361578582e-06,0.001771830056692739,8,0.17498548232493186
G06T7/11,0.015727391874180867,0.00034379489186336975,2.8438053361578582e-06,0.001771830056692739,8,0.17498548232493186
G06T7/60,0.010484927916120577,0.0,1.7406709527923205e-06,0.0009609212291783371,8,0.17420079406338507
G01N1/32,0.010484927916120577,0.0,1.7406709527923205e-06,0.0009609212291783371,8,0.17420079406338507
C07C29/151,0.00655307994757536,0.0,3.483605023301726e-05,0.0007706933645461255,5,0.11976304591857724
C01B3/24,0.00655307994757536,0.0,3.483605023301726e-05,0.0007706933645461255,5,0.11976304591857724
G01Q80/00,0.002621231979030144,0.0,2.1338979953787686e-06,0.000688972610906526,2,0.17377574129218526
B01J7/00,0.011795543905635648,0.0,0.01112155380532492,0.00108971284766173,9,0.15217754552616938
B01J10/00,0.011795543905635648,0.0,0.01112155380532492,0.00108971284766173,9,0.15217754552616938
B01J19/02,0.011795543905635648,0.0,0.01112155380532492,0.00108971284766173,9,0.15217754552616938
B01J19/00,0.027522935779816515,0.051147617044019746,0.011707047500389684,0.002493566024453222,9,0.17265234256059941
B01J19/24,0.019659239842726082,0.00633229996879385,0.011296191010117666,0.001720599243322972,9,0.15326920654142165
C07C2/76,0.04849279161205767,0.013619863263910785,0.16874585349496032,0.0023644485859083053,28,0.15849946136405177
C23C16/40,0.011795543905635648,0.0,0.011121553805324919,0.00108971284766173,9,0.15217754552616938
B01J12/00,0.011795543905635648,0.0,0.011121553805324919,0.0007267267171025792,9,0.15217754552616938
B01J15/00,0.011795543905635648,0.0,0.011121553805324919,0.0008225739051580783,9,0.15217754552616938
C09K8/70,0.00655307994757536,0.002867811447496028,4.090882203649388e-06,0.0008620234718539744,4,0.19309288198711413
C09K8/467,0.01310615989515072,0.007801777071444051,2.3157983325894483e-06,0.0017016550452063225,6,0.1709942168217221
C04B20/04,0.005242463958060288,0.0,8.556408092864737e-08,0.0011206560935875353,4,0.13937199864236255
C04B20/02,0.005242463958060288,0.0,8.556408092864737e-08,0.0011206560935875353,4,0.13937199864236255
C04B18/12,0.005242463958060288,0.0,8.556408092864737e-08,0.0011206560935875353,4,0.13937199864236255
E21B21/01,0.005242463958060288,0.0,8.556408092864737e-08,0.0007199318569535318,4,0.13937199864236255
G01M99/00,0.005242463958060288,0.0019607640788020762,7.233597480528459e-08,0.0014008371017437205,3,0.14229588672576876
G06Q10/00,0.001310615989515072,0.0,2.4182134932160428e-09,0.0004981503158015779,1,0.11959545139588122
H02J3/38,0.001310615989515072,0.0,1.0811756271413386e-06,0.0002751418423135335,1,0.16082594950601567
G06F11/30,0.003931847968545217,0.0,7.225774671658544e-08,0.000993137897759371,3,0.14224851792193197
G06Q10/20,0.003931847968545217,0.0,7.225774671658544e-08,0.000993137897759371,3,0.14224851792193197
F04B39/02,0.007863695937090433,1.5479716411595336e-05,2.41367269566597e-05,0.0011667885988467588,4,0.1787179204673708
F04B39/06,0.005242463958060288,0.0,2.2574658807166357e-05,0.0009236954434130661,4,0.1785685532124879
F04B17/03,0.027522935779816515,0.00019791104093639666,3.7849559234871725e-05,0.00383928965799093,8,0.1797705291701656
H02K7/18,0.007863695937090433,3.43993698035452e-06,2.4161574327054733e-05,0.0011558561242912542,5,0.17849396317355204
G06F113/08,0.002621231979030144,0.0,1.9197993038217875e-06,0.0003433533036441082,2,0.16843301057843263
F04B53/08,0.02490170380078637,0.00022428389111911465,3.623789765394817e-05,0.003654633327484402,8,0.1798461901672911
H02K11/04,0.007863695937090433,3.43993698035452e-06,2.4161574327054733e-05,0.0008033855044509479,5,0.17849396317355204
H02K11/049,0.00655307994757536,0.0,2.3467680983103048e-05,0.0005575292663383615,5,0.1784194354227489
H02K11/05,0.00655307994757536,0.0,2.3467680983103048e-05,0.0005575292663383615,5,0.1784194354227489
E21B34/02,0.002621231979030144,0.0,1.8962376147861739e-06,0.0004254052289457898,2,0.17072095399020518
E21B47/10,0.005242463958060288,0.00048183822586370334,2.2350022561728616e-05,0.000606919211689529,3,0.19810595634561132
C02F11/00,0.001310615989515072,0.0,1.1104230430643182e-06,0.00032327912220950786,1,0.16810171040026894
C09K8/42,0.014416775884665793,0.013162168494665234,7.632278974304345e-06,0.0016387562915406977,6,0.17804772826561815
F04B35/04,0.003931847968545217,0.0,2.1498714283333266e-05,0.00039912097079689826,3,0.1782705664737103
G08B21/18,0.010484927916120577,1.2613102261299905e-05,2.670830721369061e-05,0.0008187384177543747,6,0.1786432056176771
C09K8/80,0.01310615989515072,0.0021710928479631744,2.32466904388245e-05,0.00225960321826432,5,0.19076542314173373
C09K8/66,0.00655307994757536,0.00013497561128041492,2.2766492909845778e-05,0.0009051497988151062,5,0.18983320650265822
C09K8/88,0.009174311926605505,1.1007798337134464e-05,3.893893761237393e-06,0.001438231539777835,5,0.17527257909658883
E21B47/01,0.010484927916120577,0.0009720778982555161,1.3495839632197753e-06,0.0017172752334691469,5,0.16863241824683645
G01D5/14,0.00655307994757536,0.0,1.2853605833150982e-06,0.0010000155461381923,5,0.16836664611405971
E21B23/00,0.010484927916120577,0.0007609475942521173,2.06749317276051e-06,0.001673562190128874,5,0.1686989924348534
E21B47/26,0.00655307994757536,0.0,1.2853605833150982e-06,0.0010000155461381923,5,0.16836664611405971
G01N5/02,0.009174311926605505,0.007812096882385115,1.369909967781013e-06,0.0016891565117858529,3,0.17377574129218526
G01G19/52,0.001310615989515072,0.0,4.5752892457532613e-08,0.000405307786556687,1,0.14107446280537592
C02F1/467,0.00655307994757536,0.0,1.2159345631808354e-233,0.0015536640818083877,5,0.008987081070960494
C02F1/72,0.01310615989515072,0.0001203977943124082,2.1512920951479484e-233,0.00259581428602034,5,0.01348062160644074
C02F1/78,0.00655307994757536,0.0,1.2159345631808354e-233,0.0015536640818083877,5,0.008987081070960494
C02F5/08,0.00655307994757536,0.0,1.2159345631808354e-233,0.0015536640818083877,5,0.008987081070960494
C02F1/46,0.00655307994757536,0.0,1.2159345631808354e-233,0.0010418235582336432,5,0.008987081070960494
C02F1/461,0.00655307994757536,0.0,1.2159345631808354e-233,0.0010418235582336432,5,0.008987081070960494
F16L11/08,0.04193971166448231,1.5563509748296284e-05,0.0014195825363483188,0.0016237377384426385,28,0.14961993971900686
C08J5/00,0.04193971166448231,1.5563509748296284e-05,0.0014195825363483188,0.0016237377384426385,28,0.14961993971900686
C08L21/00,0.04193971166448231,1.5563509748296284e-05,0.0014195825363483188,0.0016237377384426385,28,0.14961993971900686
C08L7/00,0.04193971166448231,1.5563509748296284e-05,0.0014195825363483188,0.0016237377384426385,28,0.14961993971900686
B29C47/00,0.039318479685452164,0.004282484021083239,0.0009847946580432106,0.001717640672632106,16,0.18269112776292587
B29C47/06,0.039318479685452164,0.004282484021083239,0.0009847946580432106,0.002006425179363832,16,0.18269112776292587
B29C47/88,0.020969855832241154,0.0,0.0007239665614281407,0.0007085055557684503,16,0.1487864024503773
B32B1/08,0.04193971166448231,1.5563509748296284e-05,0.0014195825363483188,0.0016237377384426385,28,0.14961993971900686
B32B25/08,0.04193971166448231,1.5563509748296284e-05,0.0014195825363483188,0.0016237377384426385,28,0.14961993971900686
B29C47/02,0.020969855832241154,0.0,0.0007239665614281407,0.0007085055557684503,16,0.1487864024503773
B32B25/10,0.04193971166448231,1.5563509748296284e-05,0.0014195825363483188,0.0016237377384426385,28,0.14961993971900686
B32B5/02,0.04193971166448231,1.5563509748296284e-05,0.0014195825363483188,0.0016237377384426385,28,0.14961993971900686
B29C48/09,0.06815203145478375,0.01862049416925031,0.001676918711419228,0.0039998928845966794,28,0.1844257867231263
B29C48/10,0.04193971166448231,1.5563509748296284e-05,0.0014195825363483188,0.0016237377384426385,28,0.14961993971900686
B29C48/151,0.04193971166448231,1.5563509748296284e-05,0.0014195825363483188,0.0016237377384426385,28,0.14961993971900686
B29C48/153,0.04193971166448231,1.5563509748296284e-05,0.0014195825363483188,0.0016237377384426385,28,0.14961993971900686
B29C48/21,0.05897771952817824,0.010707042000836525,0.0016319842650969793,0.0021748930939082954,28,0.18387028736552652
B29C48/91,0.03669724770642202,0.0,0.001308840906321996,0.0011066275418857344,28,0.14941068106205718
C08L23/04,0.03669724770642202,0.0,0.001308840906321996,0.0011066275418857344,28,0.14941068106205718
C08K5/09,0.03669724770642202,0.0,0.001308840906321996,0.0011066275418857344,28,0.14941068106205718
C08K5/13,0.03669724770642202,0.0,0.001308840906321996,0.0011066275418857344,28,0.14941068106205718
B29C48/00,0.053735255570117955,0.009769707685621727,0.0015212426350706566,0.0016570520625832448,28,0.18355435903671974
C08K5/17,0.03669724770642202,0.0,0.001308840906321996,0.0011066275418857344,28,0.14941068106205718
F16L11/04,0.06028833551769332,0.009883257107227822,0.0016219076814404005,0.0029541226824824876,28,0.18394943944790512
C08L91/06,0.03669724770642202,0.0,0.001308840906321996,0.0011066275418857344,28,0.14941068106205718
C08K3/22,0.03669724770642202,0.0,0.001308840906321996,0.0011066275418857344,28,0.14941068106205718
B29K21/00,0.03669724770642202,0.0,0.001308840906321996,0.0011066275418857344,28,0.14941068106205718
B29K23/00,0.03669724770642202,0.0,0.001308840906321996,0.0011066275418857344,28,0.14941068106205718
B29K105/00,0.03669724770642202,0.0,0.001308840906321996,0.0011066275418857344,28,0.14941068106205718
B29K105/24,0.03669724770642202,0.0,0.001308840906321996,0.0011066275418857344,28,0.14941068106205718
B29K267/00,0.03669724770642202,0.0,0.001308840906321996,0.0011066275418857344,28,0.14941068106205718
B29K507/04,0.03669724770642202,0.0,0.001308840906321996,0.0011066275418857344,28,0.14941068106205718
B29K509/02,0.03669724770642202,0.0,0.001308840906321996,0.0011066275418857344,28,0.14941068106205718
C08F22/38,0.010484927916120577,0.0,7.472135875068834e-05,0.0010995216628402193,8,0.14093487725510673
C08G18/10,0.01703800786369594,0.0,6.056424779099605e-07,0.0006208702288564298,13,0.1356984908978989
C08G83/00,0.01834862385321101,0.03903718587118891,0.0017346655799041332,0.002317617861445452,8,0.1511013252607792
C07C237/10,0.010484927916120577,0.0,7.472135875068834e-05,0.0011568623854308208,8,0.14093487725510673
C08F220/60,0.010484927916120577,0.0,7.472135875068834e-05,0.0010995216628402193,8,0.14093487725510673
C08F222/06,0.010484927916120577,0.0,7.472135875068834e-05,0.0010995216628402193,8,0.14093487725510673
F04B51/00,0.00655307994757536,0.005861652614524102,7.86388068578224e-07,0.0016251153260856553,3,0.144901508252792
G01M13/045,0.003931847968545217,0.0,2.8225398037826835e-08,0.0009195768766761035,3,0.12149972926854807
G01M13/021,0.003931847968545217,0.0,2.8225398037826835e-08,0.0009195768766761035,3,0.12149972926854807
G01M13/028,0.003931847968545217,0.0,2.8225398037826835e-08,0.0009195768766761035,3,0.12149972926854807
F04B49/06,0.007863695937090433,0.009735021654403292,2.2614031999890965e-05,0.0012818118466397565,4,0.17909243413138456
F04B9/02,0.002621231979030144,0.0,7.836442752959069e-07,0.0008680165959530382,2,0.1447542506224538
H01J37/20,0.009174311926605505,0.0,2.801954230689852e-208,0.0013326226012793175,7,0.009174311926605505
H01J37/06,0.009174311926605505,0.0,2.801954230689852e-208,0.0013326226012793175,7,0.009174311926605505
H01J37/28,0.009174311926605505,0.0,2.801954230689852e-208,0.0013326226012793175,7,0.009174311926605505
H01J37/305,0.009174311926605505,0.0,2.801954230689852e-208,0.0013326226012793175,7,0.009174311926605505
H01J37/304,0.009174311926605505,0.0,2.801954230689852e-208,0.0013326226012793175,7,0.009174311926605505
H01J37/244,0.009174311926605505,0.0,2.801954230689852e-208,0.0013326226012793175,7,0.009174311926605505
G01C3/08,0.009174311926605505,0.0,2.801954230689852e-208,0.0013326226012793175,7,0.009174311926605505
H01J37/22,0.009174311926605505,0.0,2.801954230689852e-208,0.0013326226012793175,7,0.009174311926605505
G01N33/00,0.011795543905635648,0.019735791866249828,2.8625549191239154e-06,0.0013208402792929351,4,0.1801494721068649
G01N33/18,0.002621231979030144,0.0,6.782440767187999e-10,0.0009227728191215745,2,0.10987774436551391
G01N1/12,0.002621231979030144,0.0,6.782440767187999e-10,0.0009227728191215745,2,0.10987774436551391
G01N1/22,0.003931847968545217,0.0039146482836434435,1.982440207176118e-08,0.0011618352940001582,2,0.12870920115586856
G01N1/28,0.01834862385321101,0.0017448307964959232,4.485696694654678e-06,0.002543385826087727,6,0.19102125517992116
G06T5/00,0.007863695937090433,0.0,3.8866075330372604e-06,0.0007322812781096329,6,0.1903405558296141
G06T17/30,0.007863695937090433,0.0,3.8866075330372604e-06,0.0007322812781096329,6,0.1903405558296141
G06T7/62,0.007863695937090433,0.0,3.8866075330372604e-06,0.0007322812781096329,6,0.1903405558296141
F04B53/18,0.02490170380078637,0.00027473630016431434,3.622675752275709e-05,0.003486149846592641,8,0.17999770338562915
F04B53/00,0.007863695937090433,0.0,2.539529963587459e-05,0.0014275155323458762,6,0.17849396317355204
B01F35/21,0.005242463958060288,0.0,1.2811538847497467e-06,0.0008621934256178758,4,0.16836664611405971
B01F35/221,0.005242463958060288,0.0,1.2811538847497467e-06,0.0008621934256178758,4,0.16836664611405971
B01F21/20,0.005242463958060288,0.0,1.2811538847497467e-06,0.0008621934256178758,4,0.16836664611405971
F04B49/02,0.00655307994757536,8.026519620827214e-06,2.3789609771063753e-05,0.0006662745323545072,4,0.1787926978399513
E21B17/20,0.027522935779816515,6.05139097001926e-06,0.0005221395524159624,0.002039012293385263,16,0.18199086364458417
B29C47/10,0.020969855832241154,0.0,0.0003789897687500175,0.0010182968318215612,16,0.18160414272736233
B29C65/48,0.027522935779816515,6.05139097001926e-06,0.0005221395524159624,0.002039012293385263,16,0.18199086364458417
B29C33/20,0.027522935779816515,6.05139097001926e-06,0.0005221395524159624,0.002039012293385263,16,0.18199086364458417
B29C48/32,0.027522935779816515,6.05139097001926e-06,0.0005221395524159624,0.002039012293385263,16,0.18199086364458417
B29C48/335,0.027522935779816515,6.05139097001926e-06,0.0005221395524159624,0.002039012293385263,16,0.18199086364458417
B29C48/34,0.027522935779816515,6.05139097001926e-06,0.0005221395524159624,0.002039012293385263,16,0.18199086364458417
B29C47/26,0.020969855832241154,0.0,0.00037898976875001757,0.0011986809472188905,16,0.18160414272736233
B29C47/28,0.020969855832241154,0.0,0.00037898976875001757,0.000731100119356692,16,0.18160414272736233
B29K27/06,0.027522935779816515,6.05139097001926e-06,0.0005221395524159624,0.0017504248502575755,16,0.18199086364458417
B29K75/00,0.027522935779816515,6.05139097001926e-06,0.0005221395524159624,0.0017504248502575755,16,0.18199086364458417
B29L23/00,0.027522935779816515,6.05139097001926e-06,0.0005221395524159624,0.0017504248502575755,16,0.18199086364458417
B29C48/18,0.020969855832241154,0.0,0.00042147450604621835,0.0007413616270934249,16,0.18160414272736233
B29C48/30,0.020969855832241154,0.0,0.00042147450604621835,0.0007413616270934249,16,0.18160414272736233
B29C48/285,0.020969855832241154,0.0,0.00042147450604621835,0.0007413616270934249,16,0.18160414272736233
C09K8/60,0.009174311926605505,1.375974792141808e-05,3.281067477169357e-06,0.001529096745765915,5,0.1757049949989653
C08F220/56,0.011795543905635648,0.011661386363401822,3.067478340105429e-06,0.0018978842279080662,5,0.1759944595706275
C08F226/02,0.00655307994757536,0.0,3.0526755169098524e-06,0.0005842435426200402,5,0.17556061948951668
G06T7/00,0.005242463958060288,0.0,1.4929364098788742e-06,0.0009599321333139801,4,0.17505716830703957
G06T7/73,0.005242463958060288,0.0,1.4929364098788742e-06,0.0009599321333139801,4,0.17505716830703957
G06T5/30,0.005242463958060288,0.0,1.4929364098788742e-06,0.0009599321333139801,4,0.17505716830703957
G01N21/84,0.001310615989515072,0.0,8.75153754004788e-08,0.00030657110475826245,1,0.14177655867202507
C22C26/00,0.003931847968545217,0.0,2.4433886388e-313,0.0013326226012793175,3,0.003931847968545216
C22C1/05,0.003931847968545217,0.0,2.4433886388e-313,0.0013326226012793175,3,0.003931847968545216
E21B10/56,0.003931847968545217,0.0,2.4433886388e-313,0.0013326226012793175,3,0.003931847968545216
B22F3/00,0.003931847968545217,0.0,2.4433886388e-313,0.0013326226012793175,3,0.003931847968545216
C08J5/18,0.005242463958060288,0.0,1.6202688772482949e-279,0.0013326226012793177,4,0.005242463958060288
C08L75/04,0.005242463958060288,0.0,1.6202688772482949e-279,0.0013326226012793177,4,0.005242463958060288
C08K7/24,0.005242463958060288,0.0,1.6202688772482949e-279,0.0013326226012793177,4,0.005242463958060288
C08K3/04,0.005242463958060288,0.0,1.6202688772482949e-279,0.0013326226012793177,4,0.005242463958060288
C09D7/61,0.005242463958060288,0.0,1.6202688772482949e-279,0.0013326226012793177,4,0.005242463958060288
B22F7/06,0.002621231979030144,0.0,0.0,0.0013326226012793177,2,0.002621231979030144
B22F3/11,0.002621231979030144,0.0,0.0,0.0013326226012793177,2,0.002621231979030144
B33Y10/00,0.002621231979030144,0.0,0.0,0.0013326226012793177,2,0.002621231979030144
F04B49/20,0.005242463958060288,0.0,2.2563157698540364e-05,0.0005387840139120346,4,0.1787179204673708
G06F30/17,0.002621231979030144,0.0,6.631205520117652e-08,0.000562856720690675,2,0.13229552564627975
E21B17/00,0.002621231979030144,0.0,6.631205520117652e-08,0.000562856720690675,2,0.13229552564627975
C08B37/08,0.007863695937090433,0.0,3.170135783724608e-06,0.0011742636454929176,6,0.13316128009893535
C08F8/32,0.007863695937090433,0.0,3.170135783724608e-06,0.0008522795949190839,6,0.13316128009893535
C08L5/08,0.007863695937090433,0.0,3.170135783724608e-06,0.0011742636454929176,6,0.13316128009893535
C08L51/02,0.007863695937090433,0.0,3.170135783724608e-06,0.0011742636454929176,6,0.13316128009893535
C08F251/00,0.007863695937090433,0.0,3.170135783724608e-06,0.0008522795949190839,6,0.13316128009893535
B01D67/00,0.003931847968545217,0.0,2.4433886388e-313,0.0013326226012793175,3,0.003931847968545216
B01D61/02,0.003931847968545217,0.0,2.4433886388e-313,0.0013326226012793175,3,0.003931847968545216
B01D71/56,0.003931847968545217,0.0,2.4433886388e-313,0.0013326226012793175,3,0.003931847968545216
B01D69/12,0.003931847968545217,0.0,2.4433886388e-313,0.0013326226012793175,3,0.003931847968545216
E21B47/005,0.001310615989515072,0.0,8.595889358071738e-08,0.0005439715864141531,1,0.15272142524570537
B01J23/63,0.007863695937090433,2.8281826199288343e-06,0.025928607152507745,0.0008078136452446371,6,0.13136014381724057
B01J21/04,0.03669724770642202,0.001426088278810347,0.09672117207442267,0.002419203656937818,14,0.1379769285881445
B01J35/02,0.04980340760157274,0.0016725509444438617,0.17810221400597084,0.002446303665276028,28,0.13793239116768352
B01J37/02,0.07208387942332896,0.020313258613108644,0.20868908189815152,0.004971973320678153,28,0.15791372795176778
B01J37/08,0.06422018348623854,0.008229124159164389,0.20252397945241002,0.0037310094425862302,28,0.15228601134621655
C09K8/52,0.001310615989515072,0.0,2.5539004269004853e-06,0.0002900691723563443,1,0.13291276760108356
C22C23/00,0.005242463958060288,3.43993698035452e-06,1.6722626263869686e-301,0.0018779165615727012,3,0.005242463958060288
C22C1/02,0.002621231979030144,0.0,1.0063552234193821e-301,0.0006559588844201999,2,0.0034949759720401923
C22F1/06,0.005242463958060288,3.43993698035452e-06,1.6722626263869686e-301,0.0018779165615727012,3,0.005242463958060288
G01F23/292,0.005242463958060288,0.0,1.4502097538594723e-06,0.0006914436943746777,4,0.17584960816357348
G01N7/14,0.005242463958060288,0.0,1.4502097538594723e-06,0.0009905216316438215,4,0.17584960816357348
F02C3/30,0.011795543905635648,0.0,1.8580422137503802e-174,0.0013890299071535747,9,0.011795543905635648
F03G6/06,0.011795543905635648,0.0,1.8580422137503802e-174,0.0013890299071535747,9,0.011795543905635648
F02C3/04,0.011795543905635648,0.0,1.8580422137503802e-174,0.0013890299071535747,9,0.011795543905635648
F02C6/10,0.011795543905635648,0.0,1.8580422137503802e-174,0.0013890299071535747,9,0.011795543905635648
F23R3/00,0.011795543905635648,0.0,1.8580422137503802e-174,0.0013890299071535747,9,0.011795543905635648
F03G6/00,0.011795543905635648,0.0,1.8580422137503802e-174,0.0013890299071535747,9,0.011795543905635648
F04D19/02,0.011795543905635648,0.0,1.8580422137503802e-174,0.0013890299071535747,9,0.011795543905635648
F04D29/58,0.011795543905635648,0.0,1.8580422137503802e-174,0.0013890299071535747,9,0.011795543905635648
F24S23/00,0.011795543905635648,0.0,1.8580422137503802e-174,0.0013890299071535747,9,0.011795543905635648
F23L15/00,0.011795543905635648,0.0,1.8580422137503802e-174,0.0008249568484110062,9,0.011795543905635648
B82Y30/00,0.005242463958060288,0.0,3.3462979648112004e-06,0.0005984342633727998,4,0.15131534980080863
B82Y40/00,0.005242463958060288,0.0,3.3462979648112004e-06,0.0005984342633727998,4,0.15131534980080863
C02F9/00,0.00655307994757536,0.0,1.2531611482206218e-233,0.0012145955939738696,5,0.009933089604745808
C02F1/52,0.00655307994757536,0.0,1.2531611482206218e-233,0.0012145955939738696,5,0.009933089604745808
C02F1/66,0.00655307994757536,0.0,1.2531611482206218e-233,0.0012145955939738696,5,0.009933089604745808
C02F1/76,0.007863695937090433,3.783930678389972e-05,1.286092714009798e-233,0.0017389552452806271,5,0.010484927916120575
G01N23/00,0.003931847968545217,0.0,8.644160322128652e-07,0.0005259648067475747,3,0.16052387221543338
B01D46/00,0.003931847968545217,0.0,8.644160322128652e-07,0.0005259648067475747,3,0.16052387221543338
G01F1/74,0.002621231979030144,0.0,0.0,0.0014797302907964345,2,0.002621231979030144
E21B31/03,0.003931847968545217,0.0,2.0877524736782447e-06,0.00045822413171630526,3,0.1722348036426778
E21B34/14,0.009174311926605505,0.00047492866397825,2.3397544713610402e-05,0.0011517740298309603,4,0.19051027545139704
G01N3/06,0.002621231979030144,0.0,2.0670272543976416e-06,0.0005452545044187461,2,0.17427183843290522
G01N3/08,0.010484927916120577,0.0030494780305615463,2.5003011988458004e-05,0.0014816061640604654,6,0.2047506218675053
C09K8/10,0.003931847968545217,0.0,5.333403886239445e-06,0.0007512094596784337,3,0.15136895070403245
C09K8/03,0.015727391874180867,0.015437348505409598,7.513491760853369e-06,0.0018138681851862118,6,0.1781219457430111
E21B43/117,0.002621231979030144,0.0,8.507043356529752e-07,0.0005284136714008068,2,0.15974375620092846
C09K8/592,0.002621231979030144,0.0,8.507043356529752e-07,0.0005284136714008068,2,0.15974375620092846
H02K5/24,0.007863695937090433,0.0,2.539529963587459e-05,0.0008634512349093924,6,0.17849396317355204
F04B15/02,0.01703800786369594,2.476754625855254e-05,3.1491521084899446e-05,0.0021397346985109113,8,0.17916752529873525
G06T11/00,0.00655307994757536,0.0,1.2871137227613284e-06,0.0009878766657110847,5,0.16241525953534156
G06T7/49,0.00655307994757536,0.0,1.2871137227613284e-06,0.0009878766657110847,5,0.16241525953534156
B01J23/28,0.04325032765399738,0.00088190722028187,0.16979554922047543,0.0014924783226324095,28,0.13873848955762455
B01J6/00,0.023591087811271297,0.011738443843433281,0.025231744451277915,0.0014654517594218056,11,0.1511013252607792
B01J23/22,0.009174311926605505,0.0,0.02453185827670213,0.00048713638466633274,7,0.13604410946752105
B01J21/06,0.009174311926605505,0.0,0.02453185827670213,0.00048713638466633274,7,0.13604410946752105
B01J21/08,0.04849279161205767,0.0012599132551181238,0.1770239682947998,0.002271224525678195,28,0.13891890371829765
C09K8/32,0.00655307994757536,0.0006375949344930646,2.9136152281896974e-06,0.0009058980891215691,3,0.15131534980080863
C09K8/05,0.003931847968545217,0.0,3.5663914549806545e-07,0.0006375936303919443,3,0.14407098713333905
C09K8/26,0.003931847968545217,0.0,3.5663914549806545e-07,0.0006375936303919443,3,0.14407098713333905
G06V10/74,0.007863695937090433,0.0,7.034748892255968e-08,0.001288893873901314,6,0.14187069981324157
G06V10/77,0.007863695937090433,0.0,7.034748892255968e-08,0.001288893873901314,6,0.14187069981324157
G06V10/82,0.007863695937090433,0.0,7.034748892255968e-08,0.001288893873901314,6,0.14187069981324157
G06V10/24,0.007863695937090433,0.0,7.034748892255968e-08,0.001288893873901314,6,0.14187069981324157
G06V10/26,0.007863695937090433,0.0,7.034748892255968e-08,0.001288893873901314,6,0.14187069981324157
G06V10/774,0.007863695937090433,0.0,7.034748892255968e-08,0.001288893873901314,6,0.14187069981324157
C09K8/74,0.007863695937090433,0.0,3.5383870929009026e-06,0.0007700560552073619,6,0.15104791369299528
C09K8/584,0.007863695937090433,0.0,3.5383870929009026e-06,0.0007700560552073619,6,0.15104791369299528
C08G73/10,0.003931847968545217,0.0,2.4433886388e-313,0.0013326226012793175,3,0.003931847968545216
B01D63/02,0.003931847968545217,0.0,2.4433886388e-313,0.0013326226012793175,3,0.003931847968545216
B01D69/08,0.003931847968545217,0.0,2.4433886388e-313,0.0013326226012793175,3,0.003931847968545216
B01D71/64,0.003931847968545217,0.0,2.4433886388e-313,0.0013326226012793175,3,0.003931847968545216
C07C11/06,0.020969855832241154,0.0041424847620303885,0.03687459284571421,0.0018669052564021292,8,0.1351405907139417
G01N33/22,0.00655307994757536,0.005861652614524102,5.979307834427544e-07,0.0010334619166981838,4,0.15516141896785898
B01D46/30,0.005242463958060288,0.0,5.972959771755375e-07,0.0007252565345519216,4,0.15499258173285588
G01N1/34,0.005242463958060288,0.0,5.972959771755375e-07,0.0007252565345519216,4,0.15499258173285588
E21B33/124,0.002621231979030144,0.0,2.104363904404574e-06,0.0003945381502582869,2,0.1784194354227489
E21B34/10,0.00655307994757536,0.0002777685822752439,2.2744142926582805e-05,0.0006826242188616709,4,0.19085062431330221
G01N3/24,0.002621231979030144,0.0,7.892199434561637e-07,0.0005888415172320537,2,0.14669225809731673
F16L11/127,0.005242463958060288,0.0,6.243107208745261e-05,0.0006426090677994059,4,0.14816731894503593
F16L11/10,0.005242463958060288,0.0,6.243107208745261e-05,0.0006426090677994059,4,0.14816731894503593
D04B1/22,0.005242463958060288,0.0,6.243107208745261e-05,0.0006426090677994059,4,0.14816731894503593
B29C48/06,0.005242463958060288,0.0,6.243107208745261e-05,0.0006426090677994059,4,0.14816731894503593
C01D15/08,0.009174311926605505,0.0,0.0009098011657324701,0.0010703374544640243,7,0.14126100754958137
C01D3/06,0.009174311926605505,0.0,0.0009098011657324701,0.0010703374544640243,7,0.14126100754958137
B06B1/06,0.002621231979030144,0.0,1.3892218335987569e-06,0.00048436677350673985,2,0.1781219457430111
G01V1/02,0.002621231979030144,0.0,1.3892218335987569e-06,0.00048436677350673985,2,0.1781219457430111
B01J23/745,0.05242463958060288,0.0035555134828646113,0.191439091773125,0.0035488079334140567,28,0.15136895070403245
B01J37/34,0.057667103538663174,0.005672267037732442,0.19681219468186775,0.002867329033981376,28,0.15201513619263024
C10G2/00,0.005242463958060288,0.0,0.02016990136594888,0.00044330500193263896,4,0.12668679153201412
B01J21/18,0.005242463958060288,0.0,0.02016990136594888,0.0003393540173931912,4,0.12668679153201412
B01D1/14,0.009174311926605505,0.0,0.0009098011657324701,0.0008085315709695906,7,0.14126100754958137
C02F1/10,0.009174311926605505,0.0,0.0009098011657324701,0.0008085315709695906,7,0.14126100754958137
B01D3/38,0.009174311926605505,0.0,0.0009098011657324701,0.0008085315709695906,7,0.14126100754958137
G01N13/00,0.001310615989515072,0.0,0.0,0.0013326226012793177,1,0.001310615989515072
E21B25/00,0.001310615989515072,0.0,0.0,0.0013326226012793177,1,0.001310615989515072
E21D9/10,0.001310615989515072,0.0,0.0,0.0013326226012793177,1,0.001310615989515072
E21D9/06,0.001310615989515072,0.0,0.0,0.0013326226012793177,1,0.001310615989515072
G16C60/00,0.005242463958060288,0.00021076908277323534,2.24050009012288e-06,0.0009044215536582272,3,0.1739171948870507
G01N30/02,0.003931847968545217,0.0,2.2087987879738544e-06,0.0004728014710283874,3,0.17384643931549373
E21B25/16,0.003931847968545217,0.0,1.0481296158552316e-07,0.0005922952545265885,3,0.1383790634188742
E21B47/022,0.01310615989515072,0.0022231418872190926,1.9710082119232592e-06,0.0024220110847423836,6,0.15814750105014197
E21B7/06,0.010484927916120577,0.006476146079225071,1.0547306990572896e-06,0.0015033408192722318,3,0.16479542916987414
E21B25/02,0.003931847968545217,0.0,1.0481296158552316e-07,0.0005922952545265885,3,0.1383790634188742
H02K11/33,0.003931847968545217,0.0,2.141426013833952e-05,0.000406511036974477,3,0.1782705664737103
H05K7/20,0.01310615989515072,0.0039146482836434435,2.7349865777089383e-05,0.0011487681477162263,8,0.17894244046795796
H05K7/14,0.002621231979030144,0.0,9.476403029419013e-07,0.0005174708510259824,2,0.14450948523418453
H01F27/02,0.002621231979030144,0.0,9.476403029419013e-07,0.0005174708510259824,2,0.14450948523418453
H02J1/00,0.001310615989515072,0.0,0.0,0.0013326226012793177,1,0.001310615989515072
B01F35/32,0.001310615989515072,0.0,0.0,0.0013326226012793177,1,0.001310615989515072
B23K20/08,0.009174311926605505,1.375974792141808e-05,1.8896798277893479e-243,0.001822749793215894,5,0.009174311926605505
B23K20/227,0.009174311926605505,1.375974792141808e-05,1.8896798277893479e-243,0.001822749793215894,5,0.009174311926605505
B23K31/12,0.003931847968545217,0.0,8.707854914701342e-244,0.0004333400185186848,3,0.005838198498748958
B23K20/22,0.003931847968545217,0.0,8.707854914701342e-244,0.0004333400185186848,3,0.005838198498748958
C07C5/48,0.002621231979030144,0.0,0.0,0.0013326226012793177,2,0.002621231979030144
E21B34/06,0.011795543905635648,0.0064969114431185455,2.243992469070615e-05,0.0016981904095692924,4,0.19076542314173373
E21B47/12,0.003931847968545217,0.0,2.133097212007094e-05,0.0006727833673009543,3,0.17909243413138456
C07C5/42,0.002621231979030144,0.0,0.0,0.0013326226012793177,2,0.002621231979030144
C07C5/00,0.002621231979030144,0.0,0.0,0.0013326226012793177,2,0.002621231979030144
C10G1/04,0.014416775884665793,0.0,0.0015062712895980248,0.001048660588631273,11,0.1431060106622517
C10G1/10,0.019659239842726082,0.014144835575567432,0.0019337978366348754,0.0020373625518947678,11,0.16711558382381056
C04B38/00,0.028833551769331587,0.014442575412018452,0.0015461150574461095,0.0032939082518896948,11,0.14368343908456072
C04B41/50,0.014416775884665793,0.0,0.0015062712895980248,0.001048660588631273,11,0.1431060106622517
C04B41/00,0.014416775884665793,0.0,0.0015062712895980248,0.001048660588631273,11,0.1431060106622517
C04B41/87,0.014416775884665793,0.0,0.0015062712895980248,0.001048660588631273,11,0.1431060106622517
F23G5/10,0.014416775884665793,0.0,0.0015062712895980248,0.001048660588631273,11,0.1431060106622517
H05B6/64,0.02490170380078637,0.008637681757670199,0.0015404057744037383,0.0018651600379992802,11,0.14353864556180168
C10B53/02,0.027522935779816515,0.0329189427580449,0.00532302570365967,0.0028097830112555062,11,0.17195756452212618
C10B53/07,0.01834862385321101,0.00680429854114515,0.0019307272394121422,0.0015449931744882912,11,0.16659436562864857
C10B19/00,0.028833551769331587,0.021515700858052312,0.0020939700918537647,0.003281181301871491,11,0.16724639837083508
G01N24/08,0.010484927916120577,0.00010835801488116738,2.630129830210611e-06,0.001607383894818486,6,0.17448531965597536
G01N1/38,0.003931847968545217,0.0,1.3636774754583652e-06,0.0005856609162270188,3,0.1734935232795305
C09K8/512,0.005242463958060288,0.0,1.1417305656787348e-07,0.0011624577235655317,4,0.14277131568242019
C09K8/34,0.007863695937090433,0.0039146482836434435,1.1442986879102044e-07,0.0016333712760186296,4,0.14286678296137867
C08K9/06,0.005242463958060288,0.0,1.1417305656787348e-07,0.0011624577235655317,4,0.14277131568242019
C08F220/06,0.005242463958060288,0.0,1.1417305656787348e-07,0.0011624577235655317,4,0.14277131568242019
G01N23/201,0.007863695937090433,0.0,2.5417829535112533e-06,0.0011679275942386303,6,0.17405887895620514
G01N23/223,0.007863695937090433,0.0,2.5417829535112533e-06,0.001253516412345329,6,0.17405887895620514
G01B13/06,0.007863695937090433,0.0,2.5417829535112533e-06,0.0007229820012864969,6,0.17405887895620514
C10G45/00,0.015727391874180867,0.0,0.00018767924350254138,0.001560484138409953,12,0.1749138550296699
G01N3/00,0.002621231979030144,0.0,1.990222695245432e-06,0.0003742668509314047,2,0.17314203721129806
A61C19/05,0.002621231979030144,0.0,0.0,0.0013326226012793177,2,0.002621231979030144
A61B5/00,0.002621231979030144,0.0,0.0,0.0013326226012793177,2,0.002621231979030144
A61B34/10,0.002621231979030144,0.0,0.0,0.0013326226012793177,2,0.002621231979030144
C01B39/02,0.005242463958060288,0.0,0.0013701456590237905,0.0004657194284494205,4,0.12411110886944048
B01J29/40,0.0327653997378768,0.027052019544286827,0.0336695350941019,0.0035246273916631383,10,0.1484762153709116
C01B39/38,0.005242463958060288,0.0,0.0013701456590237903,0.0006133107422599344,4,0.12411110886944048
B01J27/16,0.005242463958060288,0.0,0.0013701456590237903,0.0004657194284494205,4,0.12411110886944048
B01J29/08,0.015727391874180867,0.004970950254449039,0.005091807787453455,0.001812572954192287,6,0.1399196292853581
F27B3/08,0.00655307994757536,0.0,6.97978364121446e-252,0.0014755537320159011,5,0.00655307994757536
F27D13/00,0.00655307994757536,0.0,6.97978364121446e-252,0.0014755537320159011,5,0.00655307994757536
E21B19/10,0.007863695937090433,0.0,1.6153682466578832e-228,0.0013326226012793172,6,0.007863695937090432
C09J133/04,0.007863695937090433,0.0,1.6153682466578832e-228,0.0013326226012793172,6,0.007863695937090432
C09J163/00,0.007863695937090433,0.0,1.6153682466578832e-228,0.0013326226012793172,6,0.007863695937090432
C09D121/00,0.007863695937090433,0.0,1.6153682466578832e-228,0.0013326226012793172,6,0.007863695937090432
C09J121/00,0.007863695937090433,0.0,1.6153682466578832e-228,0.0013326226012793172,6,0.007863695937090432
E21B33/129,0.007863695937090433,0.0,1.6153682466578832e-228,0.0013326226012793172,6,0.007863695937090432
C09J5/02,0.007863695937090433,0.0,1.6153682466578832e-228,0.0013326226012793172,6,0.007863695937090432
F27B3/20,0.00655307994757536,0.0,6.97978364121446e-252,0.0012611570359110267,5,0.00655307994757536
F27B3/28,0.00655307994757536,0.0,6.97978364121446e-252,0.0012611570359110267,5,0.00655307994757536
F27D17/00,0.00655307994757536,0.0,6.97978364121446e-252,0.0012611570359110267,5,0.00655307994757536
F27D99/00,0.00655307994757536,0.0,6.97978364121446e-252,0.0012611570359110267,5,0.00655307994757536
B01D53/75,0.022280471821756225,3.542613887192374e-05,6.20434420995435e-08,0.0018867640951677575,12,0.12054006991184306
B01D53/73,0.01703800786369594,2.345411577514445e-06,5.619396319690463e-08,0.0017176133602067917,12,0.12040421184488126
B01D51/10,0.022280471821756225,3.542613887192374e-05,6.20434420995435e-08,0.0027878463181261384,12,0.12054006991184306
C01C1/24,0.020969855832241154,2.9606912146824012e-05,6.055090803207262e-08,0.002507531107477875,12,0.12050607666031686
C01B17/04,0.01703800786369594,2.345411577514445e-06,5.619396319690463e-08,0.0017176133602067917,12,0.12040421184488126
C01B17/775,0.01703800786369594,2.345411577514445e-06,5.619396319690463e-08,0.0017176133602067917,12,0.12040421184488126
E21B44/02,0.003931847968545217,0.0,8.491034475158107e-07,0.0008317211866052531,3,0.152666862392813
E21B21/08,0.003931847968545217,0.0,8.491034475158107e-07,0.0008317211866052531,3,0.152666862392813
B01D53/10,0.014416775884665793,0.0,5.264341325368878e-08,0.0004418710354606869,11,0.12009964807124328
B01D53/86,0.01834862385321101,1.9774425611310685e-05,7.21594263234764e-08,0.0012969047984307935,12,0.1204381476430337
B01D53/04,0.01703800786369594,2.345411577514445e-06,5.619396319690464e-08,0.00119390753324899,12,0.12040421184488126
B01J29/46,0.014416775884665793,0.0020684291214861663,0.0029723455473121456,0.001777976371836997,7,0.12487274922194144
C07C4/06,0.014416775884665793,0.0027894074591582408,0.003225113796726387,0.002175818828365578,7,0.13548336963775637
C10G11/05,0.015727391874180867,0.002807916021180285,0.0033803512093569725,0.0026769678689489516,7,0.1355263393077969
B01J19/12,0.007863695937090433,0.0,0.0007850037841258367,0.0006741796291364336,6,0.16435174916826292
C10G1/02,0.010484927916120577,0.0924881023646945,0.0007891492591338558,0.0009209165194802507,6,0.1931801753334013
B65G43/00,0.001310615989515072,0.0,0.0,0.0013326226012793177,1,0.001310615989515072
B65G17/20,0.001310615989515072,0.0,0.0,0.0013326226012793177,1,0.001310615989515072
B01D53/88,0.015727391874180867,0.0,5.451112746907608e-08,0.0004932474718380396,12,0.12037029516548833
B23P19/02,0.002621231979030144,0.0,0.0,0.0013326226012793177,2,0.002621231979030144
F16K51/00,0.002621231979030144,0.0,0.0,0.0013326226012793177,2,0.002621231979030144
B23P19/027,0.002621231979030144,0.0,0.0,0.0013326226012793177,2,0.002621231979030144
G06F19/00,0.005242463958060288,0.0,1.6799977804241484e-06,0.0008020831386884712,4,0.17954392766280824
G01V3/28,0.005242463958060288,0.0,1.6799977804241484e-06,0.000991303450258127,4,0.17954392766280824
F27B7/16,0.002621231979030144,0.0,1.0063552234193813e-301,0.0008103913776580238,2,0.0034949759720401923
F27D11/12,0.005242463958060288,3.43993698035452e-06,1.6722626263869674e-301,0.0017955821769282826,3,0.005242463958060288
H05B6/78,0.005242463958060288,3.43993698035452e-06,1.6722626263869674e-301,0.0017955821769282826,3,0.005242463958060288
G01Q60/28,0.003931847968545217,0.0,1.230064801364732e-06,0.0009075144194491242,3,0.17078918778476562
G01Q10/04,0.003931847968545217,0.0,1.230064801364732e-06,0.0009075144194491242,3,0.17078918778476562
G01Q60/38,0.003931847968545217,0.0,1.230064801364732e-06,0.0009075144194491242,3,0.17078918778476562
F02C7/32,0.010484927916120577,0.0,2.585748551248942e-05,0.003153055899791232,8,0.1786432056176771
F02C7/06,0.010484927916120577,0.0,2.585748551248942e-05,0.003153055899791232,8,0.1786432056176771
F01M5/00,0.010484927916120577,0.0,2.585748551248942e-05,0.0021244597686677484,8,0.1786432056176771
F02C7/24,0.010484927916120577,0.0,2.585748551248942e-05,0.003153055899791232,8,0.1786432056176771
E21B35/00,0.010484927916120577,0.0,2.585748551248942e-05,0.003153055899791232,8,0.1786432056176771
A62C35/00,0.010484927916120577,0.0,2.585748551248942e-05,0.0021244597686677484,8,0.1786432056176771
F16N7/00,0.010484927916120577,0.0,2.585748551248942e-05,0.0021244597686677484,8,0.1786432056176771
F01M1/00,0.010484927916120577,0.0,2.585748551248942e-05,0.0021244597686677484,8,0.1786432056176771
B01J23/60,0.010484927916120577,0.0,0.03481109666038319,0.000705902778152684,8,0.13107808215873729
B01J37/18,0.0327653997378768,0.0008616620312525538,0.09408963080424336,0.0018428410841823115,14,0.13932655619089782
B01J8/02,0.010484927916120577,0.0,0.03481109666038319,0.0007059027781526841,8,0.13107808215873729
C09K8/36,0.002621231979030144,0.0,2.6501146124581198e-06,0.000534335809264712,2,0.13303690779498242
B01D53/96,0.010484927916120577,4.29992122544315e-07,4.543216074618694e-08,0.0012942630903118907,8,0.11999846892375275
B01D47/06,0.010484927916120577,4.29992122544315e-07,4.543216074618694e-08,0.0012496486833495665,8,0.11999846892375275
B01D9/00,0.010484927916120577,4.29992122544315e-07,4.543216074618694e-08,0.0012496486833495665,8,0.11999846892375275
C07C233/05,0.007863695937090433,0.0,9.73056511918332e-07,0.0011932771932564475,6,0.15277602711386615
C07C57/145,0.007863695937090433,0.0,9.73056511918332e-07,0.0011932771932564475,6,0.15277602711386615
C07C57/13,0.007863695937090433,0.0,9.73056511918332e-07,0.0011932771932564475,6,0.15277602711386615
C07C57/46,0.007863695937090433,0.0,9.73056511918332e-07,0.0011932771932564475,6,0.15277602711386615
C07C309/04,0.007863695937090433,0.0,9.73056511918332e-07,0.0011932771932564475,6,0.15277602711386615
C09K8/72,0.007863695937090433,0.0,9.73056511918332e-07,0.0007366318232709921,6,0.15277602711386615
B23K9/167,0.001310615989515072,0.0,0.0,0.0013326226012793177,1,0.001310615989515072
B23K9/235,0.001310615989515072,0.0,0.0,0.0013326226012793177,1,0.001310615989515072
H01M8/04119,0.005242463958060288,0.0,1.6202688772482949e-279,0.0013326226012793177,4,0.005242463958060288
H01M8/04828,0.005242463958060288,0.0,1.6202688772482949e-279,0.0013326226012793177,4,0.005242463958060288
H01M8/04746,0.005242463958060288,0.0,1.6202688772482949e-279,0.0013326226012793177,4,0.005242463958060288
H01M8/04992,0.005242463958060288,0.0,1.6202688772482949e-279,0.0013326226012793177,4,0.005242463958060288
H01M8/04225,0.005242463958060288,0.0,1.6202688772482949e-279,0.0013326226012793177,4,0.005242463958060288
H01M8/04537,0.009174311926605505,0.0004800019312390387,2.3321372579846338e-05,0.0010940026715546775,4,0.17909243413138456
H01M8/0438,0.009174311926605505,0.0004800019312390387,2.3321372579846338e-05,0.0010940026715546775,4,0.17909243413138456
H01M8/0432,0.005242463958060288,0.0,2.2098005582115754e-05,0.000614098654311339,4,0.17849396317355204
H01M8/04303,0.005242463958060288,0.0,2.2098005582115754e-05,0.000614098654311339,4,0.17849396317355204
B01J27/24,0.04325032765399738,0.001326361288352851,0.17678849474128497,0.002070755552623431,28,0.15025124748153432
B01J27/20,0.019659239842726082,0.0,0.08057156581346725,0.0008215945761744596,15,0.1490458834452332
B01J23/75,0.04980340760157274,0.002337999751076308,0.19014986595259062,0.003257712147660815,28,0.15126178684512695
B01J23/755,0.04980340760157274,0.002337999751076308,0.19014986595259062,0.003257712147660815,28,0.15126178684512695
B01J35/00,0.06422018348623854,0.012508405339762088,0.20326093969088868,0.0031120897000520334,28,0.15589731770794732
B01J27/22,0.019659239842726082,0.0,0.08057156581346725,0.0006621319293367979,15,0.1490458834452332
B01J23/78,0.027522935779816515,0.0009761873003369869,0.0996716520173157,0.0018477410228898237,15,0.15035698375703152
B01J23/34,0.04325032765399738,0.001326361288352851,0.17678849474128497,0.001518592550714428,28,0.15025124748153432
B01J23/14,0.04325032765399738,0.001326361288352851,0.17678849474128497,0.001518592550714428,28,0.15025124748153432
B01J23/889,0.019659239842726082,0.0,0.08057156581346725,0.0006621319293367979,15,0.1490458834452332
B01J27/224,0.04325032765399738,0.001326361288352851,0.17678849474128497,0.001907534994267977,28,0.15025124748153432
B01J23/10,0.047182175622542594,0.0025272005832188854,0.1754631000875547,0.0017956257094565138,28,0.14102790357672726
B01J23/42,0.03669724770642202,0.0,0.16301727379232725,0.0014351308620161416,28,0.13678442632441856
B01J23/46,0.03669724770642202,0.0,0.16301727379232725,0.0014351308620161416,28,0.13678442632441856
B01J23/52,0.03669724770642202,0.0,0.16301727379232725,0.0014351308620161416,28,0.13678442632441856
B01J37/00,0.03669724770642202,0.0,0.16301727379232725,0.0014351308620161416,28,0.13678442632441856
E21B44/00,0.005242463958060288,4.810932916340551e-05,1.4208927863195524e-07,0.0011595214082153731,3,0.14694447999913465
B01J23/72,0.03669724770642202,0.0,0.16301727379232725,0.0010470835322486116,28,0.13678442632441856
B01J23/26,0.03669724770642202,0.0,0.16301727379232725,0.0010470835322486116,28,0.13678442632441856
B01J23/83,0.04456094364351245,0.00012573555359562298,0.17956406631601005,0.0022303432401166584,28,0.13766576927753982
B01J37/03,0.03669724770642202,0.0,0.16301727379232725,0.0010470835322486116,28,0.13678442632441856
B01J23/30,0.03669724770642202,0.0,0.16301727379232725,0.0010470835322486116,28,0.13678442632441856
B01J23/04,0.04193971166448231,0.0008506207292289892,0.16873748054460655,0.0014122931699803666,28,0.13766576927753982
B01J23/18,0.03669724770642202,0.0,0.16301727379232725,0.0010470835322486116,28,0.13678442632441856
B01J23/02,0.03669724770642202,0.0,0.16301727379232725,0.0010470835322486116,28,0.13678442632441856
B01J23/843,0.03669724770642202,0.0,0.16301727379232725,0.0010470835322486116,28,0.13678442632441856
B01F13/10,0.0,0.0,0.0,0.00019989339019189768,0,0.0
B01F15/02,0.00655307994757536,5.15990547053178e-06,1.7414785380507715e-273,0.00179522824245528,4,0.00655307994757536
B01F3/08,0.002621231979030144,0.0,8.28984888087533e-274,0.0007085414020203612,2,0.0040956749672346
B01F15/00,0.00655307994757536,5.15990547053178e-06,1.7414785380507715e-273,0.00179522824245528,4,0.00655307994757536
E21B4/00,0.002621231979030144,0.0,0.0,0.001133898390534547,2,0.0034949759720401923
E21B17/10,0.002621231979030144,0.0,0.0,0.001133898390534547,2,0.0034949759720401923
F16H1/28,0.005242463958060288,1.375974792141808e-05,0.0,0.0021275194442583996,2,0.005242463958060288
E21B33/12,0.002621231979030144,0.0,2.070089477534979e-05,0.0003322256867150373,2,0.1792426794620317
B01F3/12,0.005242463958060288,0.0,1.582103493028165e-273,0.0012322459069149948,4,0.005460899956312801
B01F5/04,0.005242463958060288,0.0,1.582103493028165e-273,0.0012322459069149948,4,0.005460899956312801
B01F13/00,0.005242463958060288,0.0,1.582103493028165e-273,0.0012322459069149948,4,0.005460899956312801
C09K8/54,0.0,0.0,0.0,0.00019989339019189768,0,0.0
C07C1/30,0.01310615989515072,0.0,0.03121905056765913,0.0006622975908713994,10,0.1384687452486985
B01J37/22,0.014416775884665793,0.0002649490339698198,0.03135382051741276,0.0015225510510419745,10,0.13851362976903844
B01J27/138,0.014416775884665793,0.0002649490339698198,0.03135382051741276,0.0015225510510419745,10,0.13851362976903844
G01P15/18,0.009174311926605505,0.0001532651044022039,1.9300584256842906e-06,0.001979368681147733,6,0.1577388511766274
G01C21/16,0.009174311926605505,0.0001532651044022039,1.9300584256842906e-06,0.001979368681147733,6,0.1577388511766274
G01P1/00,0.009174311926605505,0.0001532651044022039,1.9300584256842906e-06,0.0010134190728593594,6,0.1577388511766274
C07C1/26,0.014416775884665793,0.0002649490339698198,0.03135382051741276,0.0013998364801656614,10,0.13851362976903844
B01J23/06,0.01703800786369594,0.00013192574157815448,0.042095400495300854,0.0007130714002488977,10,0.1387835491515049
B01J35/10,0.047182175622542594,0.02929785876252283,0.09429411966416688,0.003412446738306757,14,0.15448826747559058
E21B37/00,0.009174311926605505,1.375974792141808e-06,4.998176990198268e-07,0.001442651910423647,6,0.15855827378014234
E21B43/00,0.010484927916120577,0.0020759290403621483,1.3582037928937555e-06,0.0015296182322400357,6,0.17939317709382183
E21B34/08,0.009174311926605505,1.375974792141808e-06,4.998176990198268e-07,0.001442651910423647,6,0.15855827378014234
E21B43/08,0.00655307994757536,0.0,4.686630538926965e-07,0.0007461057000762294,5,0.158440692561173
A01G15/00,0.003931847968545217,0.0,2.4433886388e-313,0.0013326226012793175,3,0.003931847968545216
A01G25/00,0.003931847968545217,0.0,2.4433886388e-313,0.0013326226012793175,3,0.003931847968545216
E02B5/00,0.003931847968545217,0.0,2.4433886388e-313,0.0013326226012793175,3,0.003931847968545216
E02B13/00,0.003931847968545217,0.0,2.4433886388e-313,0.0013326226012793175,3,0.003931847968545216
E21B43/10,0.007863695937090433,0.0,4.847575867076125e-07,0.0008693930209040402,6,0.15849946136405177
E21B33/04,0.007863695937090433,0.0,4.847575867076125e-07,0.0008693930209040402,6,0.15849946136405177
E21B33/138,0.01310615989515072,0.007957726079004562,2.2492994856515227e-05,0.0006565259360272583,8,0.18717238188238441
E21B47/0228,0.007863695937090433,0.0,1.0544745813475434e-06,0.0006858159000704614,6,0.14821871239593604
E21B47/024,0.007863695937090433,0.0,1.0544745813475434e-06,0.0016466935883406551,6,0.14821871239593604
E21B47/07,0.01310615989515072,0.005812232215948299,2.2672814743516647e-05,0.0010186691270593605,6,0.18387028736552652
E21B43/20,0.001310615989515072,0.0,1.1479125590160923e-06,0.0002963926044071587,1,0.17065277469548068
C10B27/06,0.005242463958060288,0.0,7.673662040236813e-05,0.0008332073536291202,4,0.13695979097355243
C10B1/10,0.005242463958060288,0.0,7.673662040236813e-05,0.0008332073536291202,4,0.13695979097355243
H05B6/80,0.007863695937090433,0.0039146482836434435,7.690444598960926e-05,0.001402456388022219,4,0.1370476420261333
H05B6/70,0.005242463958060288,0.0,7.673662040236813e-05,0.0008332073536291202,4,0.13695979097355243
G01N3/36,0.002621231979030144,0.0,9.702956114655195e-07,0.0004953606834620396,2,0.1614335277058873
G01V1/42,0.003931847968545217,0.0,2.1496622825480123e-05,0.0010170866049610066,3,0.18168135537307978
C07F5/02,0.002621231979030144,0.0,9.466194676149406e-07,0.0005604230275578072,2,0.1650500377896808
F01D25/30,0.001310615989515072,0.0,0.0,0.0013326226012793177,1,0.001310615989515072
F01D25/28,0.001310615989515072,0.0,0.0,0.0013326226012793177,1,0.001310615989515072
C01B3/40,0.01703800786369594,0.0,0.06648581204730941,0.0013739741494145693,13,0.1355263393077969
B01J23/89,0.01703800786369594,0.0,0.06648581204730941,0.0013739741494145693,13,0.1355263393077969
G01F1/88,0.002621231979030144,0.0,0.0,0.0014797302907964345,2,0.002621231979030144
B22D7/00,0.003931847968545217,0.0,1.4394934567338523e-301,0.0013635573956391604,3,0.0041939711664482305
G01N23/12,0.002621231979030144,0.0,0.0,0.0010384072222450829,2,0.002621231979030144
F01D15/08,0.002621231979030144,0.0,0.0,0.001133898390534547,2,0.0034949759720401923
F04B17/00,0.002621231979030144,0.0,0.0,0.001133898390534547,2,0.0034949759720401923
C22C23/06,0.003931847968545217,0.0,1.4394934567338523e-301,0.0008877636031918243,3,0.0041939711664482305
E21B43/243,0.00655307994757536,0.0,2.232067140737125e-06,0.0012701250880168484,5,0.18075911499047528
E21B43/40,0.00655307994757536,0.0,2.232067140737125e-06,0.0009534402934312764,5,0.18075911499047528
E21B36/00,0.00655307994757536,0.0,2.232067140737125e-06,0.0009729415282411763,5,0.18075911499047528
H01T13/20,0.003931847968545217,0.0,2.4433886388e-313,0.0014617085512607345,3,0.003931847968545216
H01T13/02,0.003931847968545217,0.0,2.4433886388e-313,0.0014617085512607345,3,0.003931847968545216
H01T13/54,0.003931847968545217,0.0,2.4433886388e-313,0.0014617085512607345,3,0.003931847968545216
H01T13/06,0.003931847968545217,0.0,2.4433886388e-313,0.0009453647513350683,3,0.003931847968545216
C08F297/02,0.002621231979030144,0.0,3.963757628968838e-09,0.0005896722703235776,2,0.1200321763588437
C08F218/08,0.002621231979030144,0.0,3.963757628968838e-09,0.0005896722703235776,2,0.1200321763588437
E21B17/02,0.002621231979030144,0.0,3.652451494336126e-08,0.0007902529688651901,2,0.1351405907139417
H01R39/64,0.002621231979030144,0.0,3.652451494336126e-08,0.0007902529688651901,2,0.1351405907139417
A62D3/178,0.001310615989515072,0.0,4.388166459720276e-06,0.0003060163465642973,1,0.10412147851790537
B09B3/00,0.01310615989515072,0.0019607640788020767,0.000132917311330958,0.0012479791117558374,9,0.12091526537563203
C09K8/22,0.005242463958060288,0.0,3.2792712546815102e-06,0.000619998921530844,4,0.15131534980080863
H05F3/02,0.003931847968545217,8.255848752850847e-06,2.1564288455732694e-05,0.0011588724905779845,2,0.1787926978399513
F04B19/04,0.007863695937090433,0.0,2.5229566886120455e-05,0.0005790392345003551,6,0.17849396317355204
F04B49/00,0.007863695937090433,0.0,2.5229566886120455e-05,0.0005790392345003551,6,0.17849396317355204
C10G9/20,0.009174311926605505,0.003201034700179151,0.00012963602222475828,0.001349108773077395,4,0.1572165370998836
B01D21/26,0.003931847968545217,0.0,0.00012580014930515062,0.0006436089316380043,3,0.1408419735786037
B01D11/04,0.003931847968545217,0.0,0.00012580014930515062,0.0006436089316380043,3,0.1408419735786037
H02G13/00,0.002621231979030144,0.0,2.0518142982922613e-05,0.0007632530903065396,2,0.17819622511988473
F04B1/34,0.009174311926605505,0.0,2.630679889374975e-05,0.0009034020364510622,7,0.1785685532124879
F04B49/10,0.009174311926605505,0.0,2.630679889374975e-05,0.0009034020364510622,7,0.1785685532124879
F04B1/053,0.009174311926605505,0.0,2.630679889374975e-05,0.0006044899203612536,7,0.1785685532124879
F04B23/02,0.010484927916120577,0.0,2.7288452337190623e-05,0.0007290827503960251,8,0.1787926978399513
F16N7/38,0.010484927916120577,0.0,2.7288452337190623e-05,0.0007290827503960251,8,0.1787926978399513
F16N39/02,0.010484927916120577,0.0,2.7288452337190623e-05,0.0007290827503960251,8,0.1787926978399513
G01P15/08,0.0,0.0,0.0,0.00019989339019189768,0,0.0
C02F9/08,0.0,0.0,0.0,0.00019989339019189768,0,0.0
B23K20/16,0.00655307994757536,0.0,1.61499158343267e-243,0.0015372002966913456,5,0.007135575942915393
B23K101/06,0.00655307994757536,0.0,1.61499158343267e-243,0.0015372002966913456,5,0.007135575942915393
B23K103/20,0.00655307994757536,0.0,1.61499158343267e-243,0.0015372002966913456,5,0.007135575942915393
F16L13/007,0.00655307994757536,0.0,1.61499158343267e-243,0.0015372002966913456,5,0.007135575942915393
C09K3/00,0.015727391874180867,4.643914923478602e-05,0.0001384863523000262,0.0017508606858701284,9,0.12098373381582209
A62D3/40,0.011795543905635648,0.0,0.0001327770692576551,0.0009995023343805317,9,0.12088106020862337
C04B38/06,0.011795543905635648,0.0,0.0001327770692576551,0.0009995023343805317,9,0.12088106020862337
C04B41/85,0.011795543905635648,0.0,0.0001327770692576551,0.0009995023343805317,9,0.12088106020862337
C08J11/12,0.011795543905635648,0.0,0.0001327770692576551,0.0009995023343805317,9,0.12088106020862337
H01M4/80,0.011795543905635648,0.0,0.0001327770692576551,0.0016533725727084355,9,0.12088106020862337
B22F1/00,0.011795543905635648,0.0,0.0001327770692576551,0.0016533725727084355,9,0.12088106020862337
C10G53/02,0.015727391874180867,0.0,0.00018767924350254138,0.0015027425229229016,12,0.1749138550296699
C01B3/50,0.015727391874180867,0.0,0.00018767924350254138,0.0015027425229229016,12,0.1749138550296699
C01B3/00,0.015727391874180867,0.0,0.00018767924350254138,0.0015027425229229016,12,0.1749138550296699
B01D3/16,0.015727391874180867,0.0,0.00018767924350254138,0.0015027425229229016,12,0.1749138550296699
B01D50/00,0.015727391874180867,0.0,0.00018767924350254138,0.0015027425229229016,12,0.1749138550296699
B01D3/06,0.015727391874180867,0.0,0.00018767924350254138,0.0015027425229229016,12,0.1749138550296699
C10G31/10,0.015727391874180867,0.0,0.00018767924350254138,0.0015027425229229016,12,0.1749138550296699
C10G45/20,0.015727391874180867,0.0,0.00018767924350254138,0.0015027425229229016,12,0.1749138550296699
C01B3/38,0.002621231979030144,0.0,0.0,0.0015719111969448355,2,0.002621231979030144
C01B32/40,0.002621231979030144,0.0,0.0,0.0013879357584145094,2,0.002621231979030144
C01B31/18,0.002621231979030144,0.0,0.0,0.0010380208484786074,2,0.002621231979030144
G06T1/00,0.0,0.0,0.0,0.00019989339019189768,0,0.0
G16C20/70,0.002621231979030144,0.0,9.787984596477668e-07,0.0005803658857530865,2,0.16155559464555144
C09K8/90,0.007863695937090433,8.141184186839031e-06,3.1562088865973435e-06,0.0009761878059838773,5,0.17520071662053446
C10G1/00,0.009174311926605505,0.016186023235694163,9.607695000379496e-05,0.0014767965613186516,4,0.1841873051023636
C07C15/04,0.009174311926605505,0.0,0.002832170354310096,0.0011099290842377222,7,0.12469055962576119
C07C15/06,0.009174311926605505,0.0,0.002832170354310096,0.0011099290842377222,7,0.12469055962576119
C07C15/08,0.009174311926605505,0.0,0.002832170354310096,0.0011099290842377222,7,0.12469055962576119
B01D,0.0,0.0,0.0,0.00019989339019189768,0,0.0
G01V3/08,0.001310615989515072,0.0,5.800545991855688e-08,0.0006373718119517117,1,0.1450490657968376
F27B7/08,0.003931847968545217,0.0,1.4394934567338513e-301,0.0011307786374409998,3,0.0041939711664482305
F27B7/34,0.003931847968545217,0.0,1.4394934567338513e-301,0.0011307786374409998,3,0.0041939711664482305
C10B47/30,0.00655307994757536,0.0,0.00039046862886780336,0.0012259804225432187,5,0.14033318483989607
C10B47/40,0.00655307994757536,0.0,0.00039046862886780336,0.0012259804225432187,5,0.14033318483989607
C10B53/00,0.010484927916120577,0.001140471685245399,0.003629339353392726,0.00175208977006337,5,0.14569196994118092
C10L9/08,0.00655307994757536,0.0,0.00039046862886780336,0.0012259804225432187,5,0.14033318483989607
E21B47/13,0.003931847968545217,0.0,1.0793056260467011e-07,0.000874048671827014,3,0.1464409005611664
G01G17/04,0.003931847968545217,0.0,4.902791696897733e-08,0.0009372865185552301,3,0.14116767355053966
G01G21/26,0.003931847968545217,0.0,4.902791696897733e-08,0.0009372865185552301,3,0.14116767355053966
G01G21/28,0.003931847968545217,0.0,4.902791696897733e-08,0.0009372865185552301,3,0.14116767355053966
A62D,0.0,0.0,0.0,0.00019989339019189768,0,0.0
H01M8/04089,0.005242463958060288,0.0,2.7347394082052027e-06,0.0006447645452549524,4,0.16112916585123818
H01M8/2465,0.005242463958060288,0.0,2.7347394082052027e-06,0.0006447645452549524,4,0.16112916585123818
C07D401/10,0.027522935779816515,0.0,5.9507428527560694e-55,0.0013326226012793177,21,0.027522935779816515
A61K31/4725,0.027522935779816515,0.0,5.9507428527560694e-55,0.0013326226012793177,21,0.027522935779816515
A61K31/496,0.027522935779816515,0.0,5.9507428527560694e-55,0.0013326226012793177,21,0.027522935779816515
A61K31/4985,0.027522935779816515,0.0,5.9507428527560694e-55,0.0013326226012793177,21,0.027522935779816515
A61K31/5377,0.027522935779816515,0.0,5.9507428527560694e-55,0.0013326226012793177,21,0.027522935779816515
A61K31/5383,0.027522935779816515,0.0,5.9507428527560694e-55,0.0013326226012793177,21,0.027522935779816515
A61P35/00,0.027522935779816515,0.0,5.9507428527560694e-55,0.0013326226012793177,21,0.027522935779816515
C07D215/38,0.027522935779816515,0.0,5.9507428527560694e-55,0.0013326226012793177,21,0.027522935779816515
C07D401/12,0.027522935779816515,0.0,5.9507428527560694e-55,0.0013326226012793177,21,0.027522935779816515
C07D401/14,0.027522935779816515,0.0,5.9507428527560694e-55,0.0013326226012793177,21,0.027522935779816515
C07D405/12,0.027522935779816515,0.0,5.9507428527560694e-55,0.0013326226012793177,21,0.027522935779816515
C07D413/10,0.027522935779816515,0.0,5.9507428527560694e-55,0.0013326226012793177,21,0.027522935779816515
C07D413/12,0.027522935779816515,0.0,5.9507428527560694e-55,0.0013326226012793177,21,0.027522935779816515
C07D413/14,0.027522935779816515,0.0,5.9507428527560694e-55,0.0013326226012793177,21,0.027522935779816515
C07D417/12,0.027522935779816515,0.0,5.9507428527560694e-55,0.0013326226012793177,21,0.027522935779816515
C07D417/14,0.027522935779816515,0.0,5.9507428527560694e-55,0.0013326226012793177,21,0.027522935779816515
C07D471/04,0.027522935779816515,0.0,5.9507428527560694e-55,0.0013326226012793177,21,0.027522935779816515
C07D471/08,0.027522935779816515,0.0,5.9507428527560694e-55,0.0013326226012793177,21,0.027522935779816515
C07D487/04,0.027522935779816515,0.0,5.9507428527560694e-55,0.0013326226012793177,21,0.027522935779816515
C07D487/08,0.027522935779816515,0.0,5.9507428527560694e-55,0.0013326226012793177,21,0.027522935779816515
C07D491/08,0.027522935779816515,0.0,5.9507428527560694e-55,0.0013326226012793177,21,0.027522935779816515
C07D498/08,0.027522935779816515,0.0,5.9507428527560694e-55,0.0013326226012793177,21,0.027522935779816515
C07C2/08,0.003931847968545217,0.0,2.4433886388e-313,0.0014297483642874659,3,0.003931847968545216
B01J29/00,0.003931847968545217,0.0,2.4433886388e-313,0.0014297483642874659,3,0.003931847968545216
C01B31/36,0.003931847968545217,0.0,2.4433886388e-313,0.0010412453122548753,3,0.003931847968545216
C01B33/113,0.003931847968545217,0.0,2.4433886388e-313,0.0014297483642874659,3,0.003931847968545216
E21B10/66,0.0,0.0,0.0,0.00019989339019189768,0,0.0
E21B4/02,0.0,0.0,0.0,0.00019989339019189768,0,0.0
C07C11/09,0.005242463958060288,0.0,0.004216944076149911,0.0010304638665388556,4,0.12403905597604747
E21B7/08,0.0,0.0,0.0,0.00019989339019189768,0,0.0
C10B53/06,0.002621231979030144,0.0,2.625626439546564e-06,0.0006943256231936441,2,0.11589762621032916
F26B3/347,0.002621231979030144,0.0,2.625626439546564e-06,0.0006943256231936441,2,0.11589762621032916
G01V5/10,0.001310615989515072,0.0,1.3427299850860434e-06,0.0004355710088161461,1,0.17804772826561815
B01J23/80,0.010484927916120577,0.0,0.034392246893927836,0.0004690068153088029,8,0.13131977499615352
B01J37/16,0.010484927916120577,0.0,0.034392246893927836,0.0004690068153088029,8,0.13131977499615352
C10B49/16,0.002621231979030144,0.0,0.0,0.0013326226012793177,2,0.002621231979030144
C10B49/00,0.002621231979030144,0.0,0.0,0.0013326226012793177,2,0.002621231979030144
C10B49/02,0.002621231979030144,0.0,0.0,0.0013326226012793177,2,0.002621231979030144
B01J29/70,0.010484927916120577,0.003098113845723005,0.004857369816952319,0.0011121319705580397,6,0.13973660818753553
C08L101/00,0.007863695937090433,6.87987396070904e-07,0.0017153826681358464,0.0010691717268957541,6,0.13467209197525484
F26B23/08,0.001310615989515072,0.0,0.0,0.0013326226012793177,1,0.001310615989515072
F26B11/02,0.001310615989515072,0.0,0.0,0.0013326226012793177,1,0.001310615989515072
C10G9/14,0.00655307994757536,0.0019607640788020762,7.987360016496981e-06,0.0013562446050959923,4,0.15014565981640324
C10G55/00,0.001310615989515072,0.0,2.636991361956304e-07,0.0005848142597491169,1,0.12509208074867786
G01V,0.0,0.0,0.0,0.00019989339019189768,0,0.0
E21B21/00,0.005242463958060288,0.0,3.2792712546815102e-06,0.000619998921530844,4,0.15131534980080863
F42D3/04,0.002621231979030144,0.0,7.618295824917466e-07,0.0006014162053422688,2,0.15432089123780557
F42B3/22,0.002621231979030144,0.0,7.618295824917466e-07,0.0006014162053422688,2,0.15432089123780557
B23Q3/06,0.001310615989515072,0.0,0.0,0.0013326226012793177,1,0.001310615989515072
B24B41/06,0.001310615989515072,0.0,0.0,0.0013326226012793177,1,0.001310615989515072
C09K,0.001310615989515072,0.0,0.0,0.0013326226012793177,1,0.001310615989515072
B01J23/00,0.005242463958060288,0.0,0.01111291326239273,0.0005223487582932366,4,0.12952850798347487
B01J23/652,0.005242463958060288,0.0,0.01111291326239273,0.0005223487582932366,4,0.12952850798347487
C09K3/12,0.010484927916120577,0.0,2.2923136348555636e-06,0.0005296924565531418,8,0.16416233109392378
C09K8/00,0.010484927916120577,0.0,2.2923136348555636e-06,0.0005296924565531418,8,0.16416233109392378
C09K8/92,0.005242463958060288,0.0,2.2660338145844303e-06,0.0004966796602429282,4,0.17448531965597536
B01J27/06,0.005242463958060288,0.0,0.00962873383956637,0.00046689091358083357,4,0.12929335789333846
C02F1/30,0.005242463958060288,0.0,0.00962873383956637,0.00046689091358083357,4,0.12929335789333846
C02F101/34,0.005242463958060288,0.0,0.00962873383956637,0.00046689091358083357,4,0.12929335789333846
C02F9/06,0.001310615989515072,0.0,2.2292199817697079e-234,0.0006223005970890812,1,0.006507886292764495
B01J20/28,0.005242463958060288,0.0,0.0035249807082583604,0.0006937539017291611,4,0.14519692417175792
B01J20/32,0.005242463958060288,0.0,0.0035249807082583604,0.0006937539017291611,4,0.14519692417175792
B01J29/80,0.010484927916120577,0.0039158741985935415,0.0036805673359056293,0.0011770022392319477,4,0.13131977499615352
B01J29/85,0.005242463958060288,0.0,0.003563026309512963,0.0006070462182734551,4,0.13099771546213476
C21C,0.0,0.0,0.0,0.00019989339019189768,0,0.0
B01J29/76,0.005242463958060288,0.0,0.00023516883127873927,0.0007348165489701063,4,0.11218549431280744
B01J29/78,0.005242463958060288,0.0,0.00023516883127873927,0.0007348165489701063,4,0.11218549431280744
B01J29/48,0.005242463958060288,0.0,0.00023516883127873927,0.0007348165489701063,4,0.11218549431280744
C04B111/00,0.005242463958060288,0.0,5.954771339313734e-05,0.0009232855482990065,4,0.12067623491597956
H05K9/00,0.005242463958060288,0.0,5.954771339313734e-05,0.0009232855482990065,4,0.12067623491597956
C07C5/05,0.005242463958060288,0.0,5.954771339313734e-05,0.0009232855482990065,4,0.12067623491597956
C21B13/02,0.0,0.0,0.0,0.00019989339019189768,0,0.0
C07C11/16,0.005242463958060288,0.0,7.978932341749774e-06,0.0008665462562985923,4,0.150092921614852
C10G7/00,0.005242463958060288,0.0,7.978932341749774e-06,0.0008665462562985923,4,0.150092921614852
